"","X","lat","long","postal","x","y","address"
"1",1,1.3808503546459,103.879309094304,530982,33118.1645297259,40312.9815477617,"982 BUANGKOK CRESCENT SINGAPORE 530982"
"2",2,1.37931783499145,103.88784708944,538719,34068.3398895012,40143.5433120634,"21 HOUGANG STREET 51 OCBC HOUGANG GREEN SHOPPING MALL SINGAPORE 538719"
"3",3,1.3968497990014,103.889246755784,540330,34224.059433992,42082.1435010303,"330 ANCHORVALE STREET ANCHORVALE HARVEST SINGAPORE 540330"
"4",4,1.37560985710478,103.879407455354,538692,33129.1220846558,39733.5139844604,"1 HOUGANG STREET 91 UOB HOUGANG 1 SINGAPORE 538692"
"5",5,1.37563500157221,103.871996419103,554913,32304.3652027464,39736.2796912044,"19 SERANGOON NORTH AVENUE 5 GLOBALKIDS EDU PTE LTD SINGAPORE 554913"
"6",6,1.3913688093851,103.876156956828,797653,32767.3502747472,41476.0526732709,"33 SENGKANG WEST AVENUE DBS SENGKANG WEST AVENUE SINGAPORE 797653"
"7",7,1.37368393003779,103.871416978631,552542,32239.8840760468,39520.5390376821,"542B SERANGOON NORTH AVENUE 3 SINGAPORE 552542"
"8",8,1.39779874741053,103.881698806174,790473,33384.0710367812,42187.0548145697,"473 FERNVALE STREET FERNVALE RIVERGROVE SINGAPORE 790473"
"9",9,1.41764102542684,103.896348101989,797601,35014.2826652378,44381.1536222454,"2 SELETAR NORTH LINK CARNIVAL CINEMAS S11 PUNGGOL SINGAPORE 797601"
"10",10,1.41833138632619,103.896447883223,797455,35025.3848103257,44457.4905970972,"8 SELETAR NORTH LINK DBS PPT LODGE 1A SINGAPORE 797455"
"11",12,1.37331270061833,103.886367847223,530683,33903.7334833844,39479.5220757108,"683 HOUGANG AVENUE 8 SINGAPORE 530683"
"12",13,1.37361587694624,103.885758919948,530682,33835.9665854434,39513.0442914292,"682 HOUGANG AVENUE 4 DBS NTUC HOUGANG AVENUE 4 SINGAPORE 530682"
"13",14,1.39213828470085,103.872490555974,791447,32359.3264129404,41561.1302851178,"447A JALAN KAYU OCBC JALAN KAYU - FAIRPRICE SINGAPORE 791447"
"14",15,1.39657691054767,103.872860366695,799473,32400.4732548296,42051.9318460301,"249 JALAN KAYU JALAN KAYU ESTATE SINGAPORE 799473"
"15",16,1.37169878879803,103.879948293051,530642,33189.3190809404,39301.0489679445,"642 HOUGANG AVENUE 8 SINGAPORE 530642"
"16",17,1.36922522142582,103.848493192474,569933,29688.7511848807,39027.4892920107,"53 ANG MO KIO AVENUE 3 DBS ANG MO KIO BRANCH SINGAPORE 569933"
"17",18,1.37789204897273,103.856411982029,567720,30570.0075867195,39985.8301062901,"2 ANG MO KIO DRIVE DBS ITE COLLEGE CENTRAL BRANCH SINGAPORE 567720"
"18",19,1.38739539397015,103.869135978173,807011,31986.0138748605,41036.6794434916,"1 SELETAR ROAD GREENWICH V SINGAPORE 807011"
"19",20,1.3714109677026,103.847084468485,560712,29531.9758325825,39269.1770535018,"712 ANG MO KIO AVENUE 6 SINGAPORE 560712"
"20",21,1.37264569640251,103.853890703815,560525,30289.4257688308,39405.7125077695,"525 ANG MO KIO AVENUE 10 INTEMEDICAL 24 HR CLINIC SINGAPORE 560525"
"21",22,1.36650575716426,103.84181118487,560215,28945.1255145678,38726.7811112981,"215 ANG MO KIO AVENUE 1 DBS NTUC ANG MO KIO AVENUE 1 SINGAPORE 560215"
"22",23,1.37018860668947,103.843413231524,560122,29123.4124439657,39134.0125572905,"122 ANG MO KIO AVENUE 3 SINGAPORE 560122"
"23",24,1.36462540270464,103.847677034369,563316,29597.9256829247,38518.8641867433,"316B ANG MO KIO STREET 31 TECK GHEE VISTA SINGAPORE 563316"
"24",25,1.36754924977907,103.836740628478,560233,28380.8330470454,38842.1638154108,"233 ANG MO KIO AVENUE 3 KEBUN BARU PALM VIEW SINGAPORE 560233"
"25",26,1.36538422642267,103.852966961527,560421,30186.6311256615,38602.7752099633,"421 ANG MO KIO AVENUE 10 TECK GHEE HEARTLANDS SINGAPORE 560421"
"26",27,1.34888848334478,103.849692230048,570510,29822.204813581,36778.7572882809,"510 BISHAN STREET 13 DBS NTUC BISHAN STREET 13 SINGAPORE 570510"
"27",28,1.35031600039774,103.848496645294,579837,29689.1485732393,36936.6039758623,"9 BISHAN PLACE DBS NTUC JUNCTION 8 SHOPPING CENTRE SINGAPORE 579837"
"28",29,1.3496223524908,103.849881699197,570512,29843.2900661305,36859.9049353898,"512 BISHAN STREET 13 HDB BISHAN BRANCH SINGAPORE 570512"
"29",30,1.35728842987328,103.843790117762,570279,29165.3615084952,37707.5768905357,"279 BISHAN STREET 24 DBS NTUC BISHAN STREET 24 SINGAPORE 570279"
"30",31,1.3478007201456,103.849316086687,570116,29780.3450396033,36658.477708688,"116 BISHAN STREET 12 BISHAN VIEW SINGAPORE 570116"
"31",32,1.35479436177561,103.830924910072,574408,27733.6119945189,37431.7931836937,"301 UPPER THOMSON ROAD DBS THOMSON BRANCH SINGAPORE 574408"
"32",33,1.35184499157062,103.836053648292,574424,28304.3823553799,37105.6669188309,"200 UPPER THOMSON ROAD THOMSON IMPERIAL COURT SINGAPORE 574424"
"33",34,1.33361936151806,103.850978678264,310181,29965.3843324175,35090.3768303227,"181 LORONG 4 TOA PAYOH SINGAPORE 310181"
"34",35,1.331999623417,103.857378530285,310260,30677.6227089753,34911.2805047724,"260 KIM KEAT AVENUE DBS KIM KEAT AVENUE SINGAPORE 310260"
"35",36,1.33161683347176,103.850623695196,310192,29925.8799826652,34868.9472487252,"192 LORONG 4 TOA PAYOH DBS NTUC TOA PAYOH LORONG 6 SINGAPORE 310192"
"36",37,1.33285542884681,103.847092284316,310500,29532.8697974812,35005.9023080505,"500 LORONG 6 TOA PAYOH HDB HUB SINGAPORE 310500"
"37",38,1.33904479783226,103.85554106336,310004,30473.1246742541,35690.2979533542,"4 LORONG 7 TOA PAYOH KIM KEAT COURT SINGAPORE 310004"
"38",39,1.32021100706836,103.843656761867,307683,29150.5377937378,33607.7451104429,"238 THOMSON ROAD DBS NOVENA MRT STATION SINGAPORE 307683"
"39",40,1.31617741789614,103.837814972835,309426,28500.40508225,33161.7296019066,"36A DUNEARN ROAD CHANCERY COURT SINGAPORE 309426"
"40",41,1.32114652933088,103.841550400671,307645,28916.1202203268,33711.1894861516,"275 THOMSON ROAD NOVENA REGENCY SINGAPORE 307645"
"41",42,1.32694504456951,103.846554377679,329984,29473.0098957308,34352.36196642,"20 AH HOOD ROAD ZHONGSHAN MALL SINGAPORE 329984"
"42",43,1.32044103104797,103.844192628979,307506,29210.1744085718,33633.1802354679,"10 SINARAN DRIVE NOVENA MEDICAL CENTRE SINGAPORE 307506"
"43",44,1.32525301846661,103.850995830211,329783,29967.2997812312,34165.2694751974,"360 BALESTIER ROAD SINGAPORE 329783"
"44",45,1.32044103104797,103.844192628979,307506,29210.1744085718,33633.1802354679,"10 SINARAN DRIVE NOVENA MEDICAL CENTRE SINGAPORE 307506"
"45",46,1.31754555939886,103.785850542515,278628,22717.2694206974,33313.0615600124,"293 HOLLAND ROAD COLD STORAGE JELITA SINGAPORE 278628"
"46",47,1.32257316934913,103.814245542255,259760,25877.3610613486,33868.9466713052,"501 BUKIT TIMAH ROAD CLUNY COURT SINGAPORE 259760"
"47",48,1.31027747574118,103.795371163103,278967,23776.8098159395,32509.3758863099,"211 HOLLAND AVENUE HOLLAND ROAD SHOPPING CENTRE SINGAPORE 278967"
"48",49,1.30917419843848,103.792692584392,270036,23478.7071940685,32387.3858024217,"36 HOLLAND DRIVE DBS NTUC HOLLAND DRIVE SINGAPORE 270036"
"49",50,1.32257316934913,103.814245542255,259760,25877.3610613486,33868.9466713052,"501 BUKIT TIMAH ROAD CLUNY COURT SINGAPORE 259760"
"50",51,1.31192195425084,103.796844037126,278116,23940.7295020428,32691.2114643864,"44 JALAN MERAH SAGA SINGAPORE 278116"
"51",52,1.30178506364186,103.798226442608,141088,24094.5624733763,31570.3238592092,"88 TANGLIN HALT ROAD CARE CORNER FAMILY SERVICE CENTRE (QUEENSTOWN) SINGAPORE 141088"
"52",53,1.30417511571057,103.809526135738,247696,25352.1187422154,31834.588842703,"8 DEMPSEY ROAD DEMPSEY CLUSTER (TANGLIN VILLAGE) SINGAPORE 247696"
"53",54,1.30679240314535,103.810185814417,249679,25425.5376110235,32123.9943529386,"22 DEMPSEY ROAD DEMPSEY CLUSTER (TANGLIN VILLAGE) SINGAPORE 249679"
"54",55,1.29091128182876,103.803120797076,140170,24639.2455855031,30367.9499081839,"170 STIRLING ROAD OCBC STIRLING ROAD - FAIRPRICE SINGAPORE 140170"
"55",56,1.28861469030586,103.805009964592,159953,24849.4909352409,30114.0022209603,"370 ALEXANDRA ROAD ANCHORPOINT SHOPPING CENTRE SINGAPORE 159953"
"56",57,1.29531966312622,103.809758591447,141085,25377.9797983076,30855.398200253,"85 DAWSON ROAD SKYVILLE @ DAWSON SINGAPORE 141085"
"57",58,1.28645354030174,103.808242400418,150001,25209.2313396903,29875.0296186805,"1 JALAN BUKIT MERAH BRICKWORKS ESTATE SINGAPORE 150001"
"58",59,1.29270252655148,103.810971835645,142057,25513.0007032044,30566.0074910633,"57 DAWSON ROAD DBS NTUC DAWSON PLACE SINGAPORE 142057"
"59",60,1.28861469030586,103.805009964592,159953,24849.4909352409,30114.0022209603,"370 ALEXANDRA ROAD ANCHORPOINT SHOPPING CENTRE SINGAPORE 159953"
"60",61,1.27779539068994,103.819341303524,90008,26444.4410890993,28917.6466952823,"8 TELOK BLANGAH CRESCENT SINGAPORE 090008"
"61",62,1.28309854703926,103.817694911374,150166,26261.2143944902,29504.0433870256,"166 BUKIT MERAH CENTRAL DBS NTUC BUKIT MERAH CENTRAL SINGAPORE 150166"
"62",63,1.28686170538596,103.813904189286,159053,25839.3413864654,29920.1569123045,"20 LENGKOK BAHRU SINGAPORE 159053"
"63",64,1.29303600932874,103.827069067058,248371,27304.483448118,30602.8722002245,"491 RIVER VALLEY ROAD VALLEY POINT SINGAPORE 248371"
"64",65,1.2869200622963,103.818673592235,150086,26370.1359434593,29926.6061721295,"86 REDHILL CLOSE SINGAPORE 150086"
"65",66,1.2897647546758,103.826802915076,160050,27274.8621096043,30241.1538133062,"50 HAVELOCK ROAD DBS NTUC HAVELOCK ROAD SINGAPORE 160050"
"66",67,1.28481163840571,103.829306826998,169252,27553.525300541,29693.4632137828,"18C KIM TIAN ROAD KAI FOOK MANSION SINGAPORE 169252"
"67",68,1.28644021678218,103.827450721571,168732,27346.9566027848,29873.5434001442,"302 TIONG BAHRU ROAD OCBC TIONG BAHRU PLAZA BRANCH SINGAPORE 168732"
"68",69,1.29380235105066,103.831757911057,237994,27826.3112057392,30687.6095091309,"1 KIM SENG PROMENADE BRIGHTON MONTESSORI CENTRES PTE. LTD. SINGAPORE 237994"
"69",70,1.29380235105066,103.831757911057,237994,27826.3112057392,30687.6095091309,"1 KIM SENG PROMENADE BRIGHTON MONTESSORI CENTRES PTE. LTD. SINGAPORE 237994"
"70",71,1.28441396459751,103.83413547764,160055,28090.9140101997,29649.4901594501,"55 TIONG BAHRU ROAD TIONG BAHRU ESTATE SINGAPORE 160055"
"71",72,1.29380235105066,103.831757911057,237994,27826.3112057392,30687.6095091309,"1 KIM SENG PROMENADE BRIGHTON MONTESSORI CENTRES PTE. LTD. SINGAPORE 237994"
"72",73,1.28441396459751,103.83413547764,160055,28090.9140101997,29649.4901594501,"55 TIONG BAHRU ROAD TIONG BAHRU ESTATE SINGAPORE 160055"
"73",74,1.28263437649669,103.825595753657,161026,27140.5129420701,29452.7137900535,"26 JALAN MEMBINA MULTI STOREY CAR PARK SINGAPORE 161026"
"74",75,1.28345077595003,103.835371238299,169038,28228.4440098759,29542.9858116601,"225F OUTRAM ROAD SINGAPORE 169038"
"75",76,1.27458821795426,103.84347073661,79027,29129.8552264441,28563.0121062025,"100 TRAS STREET 100 AM SINGAPORE 079027"
"76",77,1.27624052001347,103.843006115698,81005,29078.1458873488,28745.7149225492,"5 TANJONG PAGAR PLAZA SINGAPORE 081005"
"77",78,1.27992126239604,103.854773147641,18984,30387.719774697,29152.7203272395,"8A MARINA BOULEVARD GROUND PLAZA (MARINA BAY LINK MALL) SINGAPORE 018984"
"78",79,1.27461794103822,103.844319553688,79717,29224.3218760369,28566.2991184294,"16 ENGGOR STREET ALTEZ SINGAPORE 079717"
"79",80,1.27822949964567,103.850812513482,18961,29946.9345132103,28965.6505975425,"12 MARINA VIEW ASIA SQUARE TOWER 2 SINGAPORE 018961"
"80",81,1.28385464447515,103.858674928653,18972,30821.9521387815,29587.65739052,"2 BAYFRONT AVENUE DBS DBS MARINA BAY SANDS BRANCH SINGAPORE 018972"
"81",82,1.27817366449254,103.843928882935,88488,29180.8416752834,28959.4724480454,"67 TANJONG PAGAR ROAD TANJONG PAGAR CONSERVATION AREA SINGAPORE 088488"
"82",83,1.28076943476846,103.852658562152,18987,30152.3828112809,29246.5049786232,"2 MARINA BOULEVARD THE SAIL @ MARINA BAY SINGAPORE 018987"
"83",84,1.28708278284998,103.841580109275,160052,28919.4388323296,29944.5957666449,"52 CHIN SWEE ROAD SINGAPORE 160052"
"84",85,1.28119737026913,103.843437320613,50005,29126.1334146298,29293.8179838881,"5 BANDA STREET SINGAPORE 050005"
"85",86,1.28180062242257,103.842908159495,50004,29067.241846215,29360.5222637244,"4 SAGO LANE SINGAPORE 050004"
"86",87,1.29111964028141,103.849875038808,179097,29842.5918745501,30390.9751266148,"109 NORTH BRIDGE ROAD FUNAN O2 SINGAPORE 179097"
"87",88,1.29376028134073,103.852768324281,179103,30164.587497944,30682.9658858739,"252 NORTH BRIDGE ROAD CITIBANK RAFFLES CITY SHOPPING CENTRE SINGAPORE 179103"
"88",89,1.28518516098542,103.844942912274,59413,29293.6914939834,29734.7679940108,"133 NEW BRIDGE ROAD DBS NTUC CHINATOWN POINT SINGAPORE 059413"
"89",90,1.28518516098542,103.844942912274,59413,29293.6914939834,29734.7679940108,"133 NEW BRIDGE ROAD DBS NTUC CHINATOWN POINT SINGAPORE 059413"
"90",91,1.29485990186642,103.860333693777,38983,31006.546098751,30804.5639691036,"3 TEMASEK BOULEVARD GOLDEN VILLAGE (GV SUNTEC CITY) SINGAPORE 038983"
"91",92,1.29120773882285,103.857540736886,39594,30695.7182414327,30400.7234453261,"6 RAFFLES BOULEVARD PSB ACADEMY CITY CAMPUS SINGAPORE 039594"
"92",93,1.29159480494333,103.857048715656,39594,30640.960099142,30443.52270725,"6 RAFFLES BOULEVARD OCBC MARINA SQUARE SINGAPORE 039594"
"93",94,1.30277120559217,103.865172135039,199588,31545.0113497861,31679.3615464326,"5001 BEACH ROAD GOLDEN MILE SHOPPING CENTRE SINGAPORE 199588"
"94",96,1.30277120559217,103.865172135039,199588,31545.0113497861,31679.3615464326,"5001 BEACH ROAD GOLDEN MILE SHOPPING CENTRE SINGAPORE 199588"
"95",97,1.30730464109303,103.857706092553,209037,30714.1037411746,32180.6362837311,"1 JALAN BERSEH NEW WORLD CENTRE SINGAPORE 209037"
"96",98,1.30462871949255,103.852226984633,218227,30104.3321147179,31884.7413783241,"2 SERANGOON ROAD TEKKA PLACE SINGAPORE 218227"
"97",99,1.30730464109303,103.857706092553,209037,30714.1037411746,32180.6362837311,"1 JALAN BERSEH NEW WORLD CENTRE SINGAPORE 209037"
"98",100,1.30887788052647,103.855155564264,209586,30430.2521032728,32354.5944071691,"60 DESKER ROAD DESKER ROAD CONSERVATION AREA SINGAPORE 209586"
"99",101,1.29981639897451,103.855923558787,188024,30515.7317042127,31352.6231115982,"230 VICTORIA STREET OCBC PARCO BUGIS JUNCTION SINGAPORE 188024"
"100",102,1.29824653795901,103.850683298453,187950,29932.538848279,31179.0313518345,"24 WATERLOO STREET MAGHAIN ABOTH SYNAGOGUE SINGAPORE 187950"
"101",103,1.30832700516352,103.862005870884,200809,31192.6278814599,32293.6891097985,"809 FRENCH ROAD KITCHENER COMPLEX SINGAPORE 200809"
"102",104,1.30975299910627,103.855701473372,207706,30491.0058185821,32451.3610603102,"147 SYED ALWI ROAD SINGAPORE 207706"
"103",105,1.3088060941423,103.861311954595,200808,31115.4008765481,32346.6634387374,"808 FRENCH ROAD KITCHENER COMPLEX SINGAPORE 200808"
"104",106,1.30971120678144,103.864326436447,339511,31450.8833081266,32446.7500962075,"12 KALLANG AVENUE DBS APERIA BRANCH SINGAPORE 339511"
"105",107,1.31142103107683,103.856624019991,208539,30593.6748798871,32635.8044067919,"180 KITCHENER ROAD CITY SQUARE MALL SINGAPORE 208539"
"106",108,1.31142103107683,103.856624019991,208539,30593.6748798871,32635.8044067919,"180 KITCHENER ROAD CITY SQUARE MALL SINGAPORE 208539"
"107",109,1.30811749102335,103.861188606169,200803,31101.6741945921,32270.5210870206,"803 KING GEORGE'S AVENUE SINGAPORE 200803"
"108",110,1.31272117351252,103.878642017231,389344,33044.0672645988,32779.6010898165,"301 GEYLANG ROAD BCH@301 SINGAPORE 389344"
"109",111,1.31261985181285,103.87252513932,380005,32363.3170347176,32768.3859543465,"5 UPPER BOON KENG ROAD DBS NTUC UPPER BOON KENG ROAD SINGAPORE 380005"
"110",112,1.31423937033551,103.870914031459,380011,32184.0133432103,32947.4612739161,"11 UPPER BOON KENG ROAD BOON KENG VILLE SINGAPORE 380011"
"111",113,1.3209929422065,103.870389998344,330071,32125.6823681211,33694.2358436473,"71 KALLANG BAHRU SINGAPORE 330071"
"112",114,1.31245131478215,103.879622127771,389349,33153.1448147567,32749.7634865604,"310A GEYLANG ROAD SINGAPORE 389349"
"113",115,1.31208817725995,103.877388748956,389290,32904.5916389301,32709.6051062159,"230 GEYLANG ROAD SINGAPORE 389290"
"114",116,1.31357604994103,103.881877795334,389797,33404.1768173771,32874.1357213017,"5 ALJUNIED ROAD SINGAPORE 389797"
"115",117,1.312829380594,103.878147917575,388595,32989.0784500046,32791.5650854725,"1 LORONG 15 GEYLANG SINGAPORE 388595"
"116",118,1.31717838140911,103.843773665257,307591,29163.5493945777,33272.4129896723,"101 THOMSON ROAD EMBASSY OF FINLAND SINGAPORE 307591"
"117",120,1.3216190383169,103.859382719506,321108,30900.6802540775,33763.4507921971,"108 MCNAIR ROAD MCNAIR SPRING SINGAPORE 321108"
"118",121,1.3153159513727,103.849454198086,210043,29795.7387912991,33066.4784061741,"43 CAMBRIDGE ROAD DBS NTUC CAMBRIDGE ROAD SINGAPORE 210043"
"119",122,1.32379607125113,103.855670620709,320080,30487.5582952369,34004.1719153617,"80 LORONG LIMAU SINGAPORE 320080"
"120",123,1.32471579654689,103.857752875203,320074,30719.2913709041,34105.8726130631,"74 WHAMPOA DRIVE WHAMPOA COURT SINGAPORE 320074"
"121",124,1.31430707569496,103.856659538355,210684,30597.6247609584,32954.9284460358,"684 RACE COURSE ROAD SINGAPORE 210684"
"122",125,1.32213342822747,103.853199661872,329714,30212.5667923335,33820.3230320793,"262 BALESTIER ROAD OKIO SINGAPORE 329714"
"123",126,1.30744253289071,103.828776671636,238879,27494.5279152552,32195.8709469028,"442 ORCHARD ROAD ORCHARD HOTEL GALLERIA SINGAPORE 238879"
"124",127,1.30561166483047,103.82296294094,247964,26847.5128968935,31993.4248998705,"56 TANGLIN ROAD TANGLIN DELIVERY BASE SINGAPORE 247964"
"125",128,1.30609752164563,103.828678556041,238884,27483.6082861088,32047.1465453263,"583 ORCHARD ROAD FORUM THE SHOPPING MALL SINGAPORE 238884"
"126",129,1.30485342102105,103.823883490852,247933,26949.9613045976,31909.5817980058,"163 TANGLIN ROAD DBS TANGLIN MALL SINGAPORE 247933"
"127",130,1.31943645952176,103.827347301883,259727,27335.4555256721,33522.0980367493,"383 BUKIT TIMAH ROAD ALOCASSIA APARTMENTS SINGAPORE 259727"
"128",131,1.33127233921191,103.947268283784,469526,40681.4305051463,34831.1409933958,"343 BEDOK ROAD SINGAPORE 469526"
"129",132,1.30756236897064,103.829352193027,229594,27558.5781166712,32209.1216950826,"1 CLAYMORE DRIVE EMBASSY OF ROMANIA SINGAPORE 229594"
"130",133,1.30580981580562,103.831507365654,238868,27798.4286418194,32015.3331086282,"350 ORCHARD ROAD SHAW HOUSE SINGAPORE 238868"
"131",134,1.30585582603508,103.832984356543,228209,27962.8041032208,32020.4206118677,"6 SCOTTS ROAD DBS NTUC SCOTTS SQUARE SINGAPORE 228209"
"132",135,1.30372321739269,103.835240308455,238859,28213.8709140234,31784.6078054793,"290 ORCHARD ROAD DBS PARAGON SHOPPING CENTRE SINGAPORE 238859"
"133",136,1.29225958503296,103.842561023913,239917,29028.6043109801,30517.0202122796,"81 CLEMENCEAU AVENUE CITIBANK UE SQUARE SINGAPORE 239917"
"134",137,1.29727531417916,103.838533924757,239571,28580.4217964169,31071.6324035171,"131 KILLINEY ROAD DBS NTUC GRAND COURT SINGAPORE 239571"
"135",138,1.30083497231103,103.845072925117,238839,29308.1528404402,31465.243498981,"68 ORCHARD ROAD HSBC PLAZA SINGAPURA SINGAPORE 238839"
"136",140,1.29384101121362,103.841614903867,239010,28923.3087453879,30691.8858001381,"11 MOHAMED SULTAN ROAD SINGAPORE 239010"
"137",141,1.30020625685959,103.837317132796,238164,28445.0031096768,31395.7206947692,"111 SOMERSET ROAD 111 SOMERSET SINGAPORE 238164"
"138",142,1.30419142102398,103.831510144742,238801,27798.7377990047,31836.3793452811,"2 ORCHARD TURN CITIBANK ION ORCHARD SINGAPORE 238801"
"139",143,1.30242417189411,103.834676124723,238873,28151.0824940447,31640.9660037272,"391A ORCHARD ROAD NGEE ANN CITY SINGAPORE 238873"
"140",144,1.33258296864442,103.867139786368,358361,31763.9483629251,34975.7965909932,"6 POTONG PASIR AVENUE 2 DBS POTONG PASIR BRANCH SINGAPORE 358361"
"141",145,1.34064293639026,103.85433449712,310212,30338.8452441534,35867.0107659921,"212 LORONG 8 TOA PAYOH SINGAPORE 310212"
"142",146,1.38187771301641,103.897039857818,540266,35091.3726167195,40426.6272025574,"266 COMPASSVALE BOW SINGAPORE 540266"
"143",147,1.382379846623,103.893800423718,543277,34730.863012,40482.1411969382,"277C COMPASSVALE LINK OCBC COMPASSVALE LINK - FAIRPRICE SINGAPORE 543277"
"144",148,1.36645364037722,103.964598499523,510259,42609.8986984398,38721.4156874325,"259 PASIR RIS STREET 21 OCBC LOYANG POINT SINGAPORE 510259"
"145",149,1.38621835441264,103.893038290302,540279,34646.0365033448,40906.581989361,"279 SENGKANG EAST AVENUE OCBC SENGKANG EAST AVE - FAIRPRICE SINGAPORE 540279"
"146",150,1.37558830923856,103.960839727163,518180,42191.5374121536,39731.460876856,"11 PASIR RIS LINK SEASTRAND SINGAPORE 518180"
"147",151,1.3567908665883,103.963697627332,506867,42509.6998980893,37652.9471752997,"42 FLORA DRIVE PALM ISLES SINGAPORE 506867"
"148",152,1.39221732695142,103.904473070943,545082,35918.5612889761,41569.953614248,"11 RIVERVALE CRESCENT OCBC RIVERVALE MALL SINGAPORE 545082"
"149",153,1.3855530969334,103.901960668798,540118,35638.985155114,40833.048041679,"118 RIVERVALE DRIVE HDB SENGKANG BRANCH SINGAPORE 540118"
"150",154,1.40800694944027,103.899074357998,823308,35317.7061565025,43315.8738724664,"308C PUNGGOL WALK WATERWAY TERRACES I SINGAPORE 823308"
"151",155,1.39484816528775,103.896042268385,540263,34980.3154496225,41860.8319343012,"263 COMPASSVALE STREET COMPASSVALE NORTH GATE SINGAPORE 540263"
"152",156,1.41081926900094,103.900371677782,821312,35462.0709695816,43626.8502850495,"312A SUMANG LINK PUNGGOL PARCVISTA SINGAPORE 821312"
"153",157,1.40541353588128,103.896823897352,820261,35067.2687986903,43029.1001936849,"261 PUNGGOL WAY NOBLELAND ARTS N LEARNING PLACE @PUNGGOL PTE. LTD. SINGAPORE 820261"
"154",158,1.40230301367166,103.901262391698,823273,35561.2224068912,42685.1680306997,"273C PUNGGOL PLACE PUNGGOL REGALIA SINGAPORE 823273"
"155",159,1.40461003140363,103.908665597763,820612,36385.090802406,42940.2918107007,"612 PUNGGOL DRIVE OCBC PUNGGOL DRIVE - FAIRPRICE SINGAPORE 820612"
"156",160,1.4064128346795,103.902188891645,828761,35664.3159161313,43139.6145952977,"83 PUNGGOL CENTRAL DBS NTUC WATERWAY POINT SINGAPORE 828761"
"157",161,1.40371939757402,103.906138006707,820301,36103.8074634587,42841.8010326717,"301 PUNGGOL CENTRAL CORALINUS SINGAPORE 820301"
"158",162,1.40566048045603,103.911991277154,820671,36755.1896675825,43056.4574567489,"671 EDGEFIELD PLAINS WATERWAY BANKS SINGAPORE 820671"
"159",163,1.39417447299355,103.913120037036,820168,36880.8484127037,41786.3959098998,"168 PUNGGOL FIELD DBS NTUC PUNGGOL PLAZA SINGAPORE 820168"
"160",164,1.39652618520823,103.908850766858,820108,36405.7263937881,42046.4208936989,"108 PUNGGOL FIELD DBS PUNGGOL FIELD SINGAPORE 820108"
"161",165,1.40053114998822,103.910536919134,824622,36593.3582302118,42489.2761220559,"622D PUNGGOL CENTRAL PUNGGOL SPECTRA SINGAPORE 824622"
"162",166,1.39946117845803,103.916054498662,820639,37207.3948879857,42370.9849068522,"639 PUNGGOL DRIVE DBS PUNGGOL DRIVE SINGAPORE 820639"
"163",167,1.36968625501963,103.947922425135,514527,40754.0295958836,39078.7675242145,"527D PASIR RIS STREET 51 COSTA RIS SINGAPORE 514527"
"164",168,1.37210169874539,103.931999887543,528765,38982.0297769979,39345.776572844,"21 TAMPINES NORTH DRIVE 2 GIANT SINGAPORE 528765"
"165",169,1.37860239771677,103.941978174681,510625,40092.4603688922,40064.6402175538,"625 ELIAS ROAD ELIAS MALL SINGAPORE 510625"
"166",170,1.37228761596577,103.949733905672,518457,40955.6118854657,39366.4230909683,"1 PASIR RIS CENTRAL STREET 3 DBS WHITE SANDS BRANCH SINGAPORE 518457"
"167",171,1.37976754317116,103.936207567321,510734,39450.2573243137,40193.4477712903,"734 PASIR RIS STREET 72 PASIR RIS WEST PLAZA SINGAPORE 510734"
"168",172,1.37912717878008,103.955444758145,519599,41591.1226485763,40122.7405808754,"1 PASIR RIS CLOSE COSTA SANDS RESORT (DOWNTOWN EAST) SINGAPORE 519599"
"169",173,1.36706634197242,103.964635610477,510258,42614.0250115879,38789.1655142289,"258 PASIR RIS STREET 21 DBS LOYANG POINT SINGAPORE 510258"
"170",174,1.36899801064525,103.958647641559,510440,41947.6229864396,39002.724512022,"440 PASIR RIS DRIVE 4 DBS PASIR RIS DRIVE 4 SINGAPORE 510440"
"171",175,1.36032332368955,103.953125965232,520475,41333.1734128324,38043.4883102477,"475 TAMPINES STREET 44 OCBC TAMPINES STREET 44 SINGAPORE 520475"
"172",176,1.35595238706011,103.945937400867,520506,40533.1909664003,37560.1329760104,"506 TAMPINES CENTRAL 1 SINGAPORE 520506"
"173",177,1.35416723967718,103.959935925418,529286,42091.0798810795,37362.8169587329,"9 TAMPINES STREET 32 DBS TAMPINES MART SINGAPORE 529286"
"174",178,1.35345315769813,103.953009918868,522201,41320.296353179,37283.8180963211,"201B TAMPINES STREET 21 SINGAPORE 522201"
"175",179,1.35229139706407,103.943849611798,529509,40300.8620049376,37155.3079255261,"2 TAMPINES CENTRAL 5 MAYBANK OFFSITE@CENTURYSQUARE SINGAPORE 529509"
"176",180,1.35252737278519,103.944698751072,529510,40395.3605872542,37181.4052837677,"4 TAMPINES CENTRAL 5 TAMPINES MALL SINGAPORE 529510"
"177",181,1.35420430432819,103.945051968029,529536,40434.6611729404,37366.8339741919,"10 TAMPINES CENTRAL 1 HSBC TAMPINES BRANCH SINGAPORE 529536"
"178",182,1.35542177253675,103.934315234737,521866,39239.7773977024,37501.4031899683,"866A TAMPINES STREET 83 EILEEN'S LEARNING CENTRE PTE. LTD. SINGAPORE 521866"
"179",183,1.34528144785596,103.945344290094,521138,40467.2387854233,36380.1896894109,"138 TAMPINES STREET 11 DBS TAMPINES STREET 11 SINGAPORE 521138"
"180",184,1.34836421842072,103.948158723814,521107,40780.438895965,36721.081947986,"107 TAMPINES STREET 11 SINGAPORE 521107"
"181",185,1.34528144785596,103.945344290094,521138,40467.2387854233,36380.1896894109,"138 TAMPINES STREET 11 DBS TAMPINES STREET 11 SINGAPORE 521138"
"182",186,1.34753519689194,103.951702776881,520280,41174.8578439141,36629.4316737428,"280 TAMPINES STREET 22 SINGAPORE 520280"
"183",188,1.3487449454775,103.934024716838,520823,39207.4766464662,36763.1112529412,"823 TAMPINES STREET 81 SINGAPORE 520823"
"184",189,1.34922419580696,103.934912515373,520829,39306.2766724844,36816.1084947437,"829 TAMPINES STREET 81 SINGAPORE 520829"
"185",190,1.33741910491466,103.921782969068,470745,37845.1499918206,35510.7032957207,"745 BEDOK RESERVOIR ROAD DBS NTUC BEDOK RESERVOIR ROAD SINGAPORE 470745"
"186",191,1.33824203227296,103.923303932165,471739,38014.4138839329,35601.7046546619,"739A BEDOK RESERVOIR ROAD RESERVOIR VILLAGE SINGAPORE 471739"
"187",192,1.33233655577229,103.930496816187,460510,38814.9320131401,34948.7368924785,"510 BEDOK NORTH STREET 3 UOB BEDOK NORTH STREET 3 SINGAPORE 460510"
"188",193,1.33317541897572,103.93126502489,460509,38900.4220868032,35041.4976082426,"509 BEDOK NORTH STREET 3 DBS BEDOK NORTH STREET 3 SINGAPORE 460509"
"189",194,1.33240230571086,103.925500595677,461539,38258.9036132125,34955.985832436,"539A BEDOK NORTH STREET 3 SINGAPORE 461539"
"190",195,1.33295873271663,103.914941831215,470631,37083.8196092555,35017.4713065196,"631 BEDOK RESERVOIR ROAD UOB BEDOK RESERVOIR ROAD SINGAPORE 470631"
"191",196,1.33733862669183,103.903735075266,415812,35836.6096031461,35501.7394323424,"23 KAKI BUKIT ROAD 3 THE LEO SINGAPORE 415812"
"192",197,1.33721711880078,103.906657329265,415814,36161.8260729555,35488.3132206611,"7 KAKI BUKIT AVENUE 3 DBS KAKI BUKIT RECREATION CENTRE SINGAPORE 415814"
"193",198,1.33809674138388,103.909946657748,415920,36527.8906699223,35585.5886483397,"39 KAKI BUKIT AVENUE 3 HOMESTAY LODGE SINGAPORE 415920"
"194",199,1.33205052569764,103.914146202298,470632,36995.2776147947,34917.0434077997,"632 BEDOK RESERVOIR ROAD OCBC BEDOK RESERVOIR RD - MCDONALDS SINGAPORE 470632"
"195",200,1.3594966483839,103.885079918915,530205,33760.4357075356,37951.8096143659,"205 HOUGANG STREET 21 JUNIOR CHAMPS @ KOVAN PTE. LTD. SINGAPORE 530205"
"196",201,1.35209060355776,103.879314590828,531159,33118.8370843241,37132.8737197462,"159A HOUGANG STREET 11 FOOD CENTRE SINGAPORE 531159"
"197",202,1.35752772716505,103.884086008717,530202,33649.8295939323,37734.093914371,"202 HOUGANG STREET 21 OCBC HOUGANG ST 21 - FAIRPRICE SINGAPORE 530202"
"198",203,1.37743006696183,103.903712864065,530476,35834.0087358411,39934.8496807795,"476 UPPER SERANGOON VIEW HOUGANG CAPEVIEW SINGAPORE 530476"
"199",204,1.36620554681345,103.895152424666,530309,34881.3699254068,38693.6722048968,"309 HOUGANG AVENUE 5 SINGAPORE 530309"
"200",205,1.36271446291047,103.893980503167,530006,34750.9587133573,38307.6423918493,"6 HOUGANG AVENUE 3 SINGAPORE 530006"
"201",206,1.37177996112812,103.894165380603,538767,34771.508010719,39310.0601099133,"100 HOUGANG AVENUE 10 DBS NTUC KANG KAR MALL SINGAPORE 538767"
"202",207,1.37265167160403,103.893746323326,538766,34724.8695880082,39406.4482921846,"90 HOUGANG AVENUE 10 HOUGANG CENTRAL POST OFFICE SINGAPORE 538766"
"203",208,1.36979941551155,103.873035824458,552152,32420.0488916906,39091.0120132752,"152B SERANGOON NORTH AVENUE 1 DBS NTUC SERANGOON NORTH AVENUE 4 SINGAPORE 552152"
"204",209,1.36504343821169,103.865281631382,556679,31557.1079192115,38565.1072793175,"1 MAJU AVENUE DBS SERANGOON GARDEN BRANCH SINGAPORE 556679"
"205",210,1.36428136996969,103.86513393838,555974,31540.6725553926,38480.8414245248,"78 SERANGOON GARDEN WAY SERANGOON GARDEN ESTATE SINGAPORE 555974"
"206",211,1.3567605612185,103.876001646751,545553,32750.1346325763,37649.2472169697,"36 YIO CHU KANG ROAD SINGAPORE 545553"
"207",212,1.35370313485788,103.890680820842,530106,34383.7663918538,37311.2062024605,"106 HOUGANG AVENUE 1 DBS HOUGANG AVENUE 1 SINGAPORE 530106"
"208",213,1.43767918988802,103.795136738069,730888,23750.945702781,46596.8131016921,"888 WOODLANDS DRIVE 50 CHAMPKIDS' ACADEMY PTE. LTD. SINGAPORE 730888"
"209",214,1.42938474074212,103.781292115087,739065,22210.2299037557,45679.6846897546,"30 WOODLANDS AVENUE 1 DBS NTUC THE WOODGROVE SINGAPORE 739065"
"210",215,1.42938474074212,103.781292115087,739065,22210.2299037557,45679.6846897546,"30 WOODLANDS AVENUE 1 DBS NTUC THE WOODGROVE SINGAPORE 739065"
"211",216,1.41124458055991,103.776318359712,729759,21656.6753969416,43673.8493810538,"390 MANDAI ROAD SINGAPORE 729759"
"212",217,1.32383512178759,103.809999570047,269707,25404.8279538844,34008.4909447618,"587 BUKIT TIMAH ROAD CORONATION SHOPPING PLAZA SINGAPORE 269707"
"213",218,1.32044171187429,103.778972458647,597626,21951.8123920364,33633.3190141749,"2 PANDAN VALLEY PANDAN VALLEY, ACACIA COURT SINGAPORE 597626"
"214",219,1.32212392900686,103.770265903384,120108,20982.8629521439,33819.3529432006,"108 CLEMENTI STREET 11 SUNSET WAY RESIDENCE SINGAPORE 120108"
"215",220,1.31010302594118,103.788545950724,270021,23017.2274397025,32490.0986614991,"21 GHIM MOH ROAD SINGAPORE 270021"
"216",221,1.30811886342473,103.786049384646,270025,22739.3789115474,32270.7052071672,"25 GHIM MOH LINK DBS GHIM MOH ROAD SINGAPORE 270025"
"217",222,1.33081740114673,103.795692352549,268802,23812.589569224,34780.5753300656,"1 FIFTH AVENUE GUTHRIE HOUSE SINGAPORE 268802"
"218",223,1.32437354224724,103.80935784628,269716,25333.4111003233,34068.0274028387,"615 BUKIT TIMAH ROAD SINGAPORE 269716"
"219",224,1.3166189803866,103.77894725541,276696,21948.9982867856,33210.6208706442,"5 RIDGEWOOD CLOSE RIDGEWOOD CONDOMINIUM SINGAPORE 276696"
"220",225,1.37904775583142,103.772937487128,670256,21280.3402072033,40113.695115013,"256 BANGKIT ROAD ISMART MONTESSORI SINGAPORE 670256"
"221",226,1.38339951629579,103.771086145173,670445,21074.3215392474,40594.8962768503,"445 FAJAR ROAD CARPE DIEM YOUNG JOY PTE. LTD. SINGAPORE 670445"
"222",227,1.37759742308947,103.772491526747,679947,21230.7062832164,39953.3258634005,"2 BUKIT PANJANG RING ROAD BUKIT PANJANG HAWKER CENTRE SINGAPORE 679947"
"223",228,1.3882402168269,103.76957538706,670547,20906.2077094447,41130.1611728948,"547 SEGAR ROAD SEGAR VALE SINGAPORE 670547"
"224",229,1.38509602471476,103.760218434373,670628,19864.888700936,40782.5222110152,"628 SENJA ROAD DBS NTUC SENJA ROAD SINGAPORE 670628"
"225",230,1.40754124403461,103.758128230666,729939,19632.3550068317,43264.4103094004,"32 MANDAI ESTATE WESTLITE MANDAI DORMITORY SINGAPORE 729939"
"226",231,1.38529556252963,103.766170532051,671524,20527.2820040528,40804.5665046293,"524A JELAPANG ROAD AMAZING STAR MONTESSORI HOUSE (GREENRIDGE) SINGAPORE 671524"
"227",232,1.40631205409106,103.760561705557,729937,19903.1629900988,43128.4839983061,"23 MANDAI ESTATE WESTLITE JUNIPER SINGAPORE 729937"
"228",233,1.4107221949594,103.76839596207,729760,20775.0217278162,43616.1096910276,"460 MANDAI ROAD MANDAI LODGE 1 SINGAPORE 729760"
"229",234,1.40860253518183,103.759758955688,729908,19813.8359349445,43381.7568305656,"11 MANDAI ESTATE ELDIX SINGAPORE 729908"
"230",235,1.36012368217462,103.767542220363,678077,20679.856856375,38021.1818958949,"464 UPPER BUKIT TIMAH ROAD THE RAIL MALL SINGAPORE 678077"
"231",236,1.38018163022688,103.76041930548,677899,19887.2264123838,40239.1122913565,"1 WOODLANDS ROAD DBS JUNCTION 10 SINGAPORE 677899"
"232",237,1.38052239451717,103.764051414862,677743,20291.4358726144,40276.7802220006,"1 JELEBU ROAD DBS BUKIT PANJANG PLAZA SINGAPORE 677743"
"233",238,1.4315052703273,103.773515659097,730301,21344.83204877,45914.1833813619,"301 WOODLANDS STREET 31 FUCHUN NEIGHBOURHOOD CENTRE SINGAPORE 730301"
"234",239,1.43262603485889,103.774051197031,739044,21404.4326144364,46038.1104043312,"71 WOODLANDS AVENUE 3 DBS MARSILING MRT STATION SINGAPORE 739044"
"235",241,1.44055609916205,103.800916952025,738344,24394.1996214855,46914.9173822962,"70 WOODLANDS AVENUE 7 OCBC ADMIRALTY MRT SINGAPORE 738344"
"236",242,1.43507790358971,103.786619613465,730900,22803.1140535213,46309.1934630331,"900 SOUTH WOODLANDS DRIVE WOODLANDS CENTRAL POST OFFICE SINGAPORE 730900"
"237",244,1.43998366417135,103.801293114332,730678,24436.059788947,46851.6197942942,"678 WOODLANDS AVENUE 6 MY FIRST SKOOL SINGAPORE 730678"
"238",245,1.44275334327795,103.790548015512,730883,23240.3015716588,47157.8967089206,"883 WOODLANDS STREET 82 WOODLANDS NORTH PLAZA SINGAPORE 730883"
"239",246,1.43044361849124,103.793804884379,730548,23602.7169394372,45796.7423332836,"548 WOODLANDS DRIVE 44 FC SINGAPORE 730548"
"240",247,1.43106395485681,103.790454078756,732570,23229.8236129321,45865.342720693,"570B WOODLANDS AVENUE 1 CHAMPIONS COURT SINGAPORE 732570"
"241",248,1.44214483209286,103.806870038855,733686,25056.6882990189,47090.5829529632,"686C WOODLANDS DRIVE 73 SINGAPORE 733686"
"242",249,1.45074973335289,103.796846514064,757177,23941.2408190919,48042.0853822175,"200 WOODLANDS INDUSTRIAL PARK E7 WOODLANDS RECREATION CENTRE SINGAPORE 757177"
"243",250,1.44185307934021,103.824970378482,758459,27070.9749130616,47058.3069912065,"604 SEMBAWANG ROAD DBS SEMBAWANG SHOPPING CENTRE SINGAPORE 758459"
"244",251,1.45361014432056,103.819625588635,750511,26476.190599815,48358.3471901156,"511 CANBERRA ROAD OCBC CANBERRA ROAD - FAIRPRICE SINGAPORE 750511"
"245",252,1.44564787003157,103.798162285805,730768,24087.6564999428,47477.9444967583,"768 WOODLANDS AVENUE 6 OCBC WOODLANDS MART SINGAPORE 730768"
"246",253,1.46146455321872,103.809563052691,737723,25356.4013894992,49226.85777428,"2 WOODLANDS SECTOR 2 DBS WESTLITE DORMITORY (WOODLANDS) SINGAPORE 737723"
"247",254,1.44834155029683,103.801057143543,730780,24409.8129976708,47775.7934123892,"780 WOODLANDS CRESCENT WOODLANDS DEW SINGAPORE 730780"
"248",255,1.45464655649548,103.804476731799,738252,24790.3679680899,48472.9643563852,"27 WOODLANDS SECTOR 1 WOODLANDS DORMITORY SINGAPORE 738252"
"249",256,1.44185307934021,103.824970378482,758459,27070.9749130616,47058.3069912065,"604 SEMBAWANG ROAD DBS SEMBAWANG SHOPPING CENTRE SINGAPORE 758459"
"250",258,1.45025875777465,103.794823954933,757388,23716.1612818735,47987.7994810082,"50 WOODLANDS INDUSTRIAL PARK E4 WOODLANDS LODGE ONE SINGAPORE 757388"
"251",259,1.45000861656514,103.814110899773,752468,25862.4910668442,47960.1127509438,"468B ADMIRALTY DRIVE BLUE RIVERVIEW SINGAPORE 752468"
"252",260,1.45555388401849,103.81464932384,750463,25922.4141681446,48573.2801727597,"463 SEMBAWANG DRIVE DBS SEMBAWANG DRIVE 463 SINGAPORE 750463"
"253",261,1.45943633622992,103.820357133263,757443,26557.6034549987,49002.5778566543,"51 ADMIRALTY ROAD WEST COCHRANE LODGE I SINGAPORE 757443"
"254",262,1.46065867163522,103.819174733699,757444,26426.0225972552,49137.7383877616,"49 ADMIRALTY ROAD WEST DBS COCHRANE LODGE II SINGAPORE 757444"
"255",263,1.45238757319957,103.817440100888,751406,26232.9800257944,48223.1629894469,"406A SEMBAWANG DRIVE MULTI STOREY CAR PARK SINGAPORE 751406"
"256",265,1.42539842469037,103.833259035976,760761,27993.3737981999,45238.8323241491,"761 YISHUN STREET 72 SINGAPORE 760761"
"257",266,1.42750548860509,103.837125285899,760925,28423.6300994065,45471.821188191,"925 YISHUN CENTRAL 1 EAGER BEAVER SCHOOLHOUSE 1 PTE. LTD. SINGAPORE 760925"
"258",267,1.42951728655037,103.835058273602,769093,28193.6021100665,45694.2754015736,"301 YISHUN AVENUE 2 CITIBANK YISHUN SMRT STATION SINGAPORE 769093"
"259",268,1.42931416080553,103.836522953601,769098,28356.5991674904,45671.814953452,"930 YISHUN AVENUE 2 YISHUN PUBLIC LIBRARY SINGAPORE 769098"
"260",269,1.43359453113734,103.839686662816,760239,28708.6715112124,46145.1175033301,"239 YISHUN RING ROAD DBS NTUC YISHUN RING ROAD SINGAPORE 760239"
"261",270,1.43611425409216,103.837605235958,760293,28477.0396516826,46423.7352620233,"293 YISHUN STREET 22 SINGAPORE 760293"
"262",271,1.43576230295726,103.836728943247,760291,28379.5216866508,46384.8181111552,"291 YISHUN STREET 22 OCBC YISHUN ST 22 - 7 ELEVEN SINGAPORE 760291"
"263",272,1.43007109914643,103.842396446526,760327,29010.2310092356,45755.5151298977,"327 YISHUN RING ROAD YISHUN RIVERGREEN SINGAPORE 760327"
"264",273,1.33899462947416,103.793133804579,287994,23527.8643367765,35684.776074281,"200 TURF CLUB ROAD PEGASUS INTERNATIONAL PREESCHOOL SINGAPORE 287994"
"265",274,1.32325040079253,103.767260053747,597071,20648.3448887942,33943.9211934041,"41 SUNSET WAY BRIGHTON MONTESSORI INTERNATIONAL PRE-SCHOOL @ SUNSET SINGAPORE 597071"
"266",275,1.33667573740597,103.783709151645,589472,22478.9958272325,35428.3839749601,"896 DUNEARN ROAD LINK@896 SINGAPORE 589472"
"267",276,1.33149129253859,103.806809027748,289215,25049.7616222855,34855.0747053567,"20 GREENWOOD AVENUE HILLCREST PARK SINGAPORE 289215"
"268",277,1.33899462947416,103.793133804579,287994,23527.8643367765,35684.776074281,"200 TURF CLUB ROAD PEGASUS INTERNATIONAL PREESCHOOL SINGAPORE 287994"
"269",278,1.33586257729464,103.786616826552,589820,22802.5876327483,35338.4625171404,"5 BINJAI PARK BINJAI PARK SINGAPORE 589820"
"270",279,1.33176092057825,103.806586709072,289230,25025.0201789103,34884.8890628014,"30 GREENWOOD AVENUE HILLCREST PARK SINGAPORE 289230"
"271",280,1.33183246511303,103.806492461663,289236,25014.5315053174,34892.8002057057,"34 GREENWOOD AVENUE HILLCREST PARK SINGAPORE 289236"
"272",281,1.33166476661284,103.807033788637,289504,25074.7753867088,34874.2563136052,"7 GREENDALE AVENUE GREENDALE COURT SINGAPORE 289504"
"273",282,1.33661475636388,103.786969221127,589831,22841.8070094343,35421.6339119114,"29B BINJAI PARK BINJAI PARK SINGAPORE 589831"
"274",283,1.43201730301544,103.759866941613,739522,19825.9355614353,45970.8455614373,"12 KRANJI ROAD KRANJI LODGE ONE SINGAPORE 739522"
"275",284,1.43594536031501,103.754008428765,739503,19173.9856812768,46405.2125272434,"257 KRANJI ROAD KRANJI INDUSTRIAL ESTATE SINGAPORE 739503"
"276",285,1.39708432396576,103.746598000147,689578,18349.1561864754,42108.1802022327,"21 CHOA CHU KANG NORTH 6 DBS NTUC YEW TEE POINT SINGAPORE 689578"
"277",286,1.41757242617136,103.744217013051,729045,18084.2704066345,44373.6636583358,"17 SUNGEI KADUT STREET 4 SUNGEI KADUT INDUSTRIAL ESTATE SINGAPORE 729045"
"278",287,1.3920738867617,103.743099573442,680533,17959.8063993668,41554.165410189,"533 CHOA CHU KANG STREET 51 DBS LIMBANG SHOPPING CENTRE SINGAPORE 680533"
"279",288,1.41695924255318,103.83535191292,760849,28226.2809992228,44305.670204537,"849 YISHUN RING ROAD DBS NTUC YISHUN STREET 81 SINGAPORE 760849"
"280",289,1.41559070288068,103.847334153673,769162,29559.7337226775,44154.3485980798,"1 ORCHID CLUB ROAD SINGAPORE ORCHID COUNTRY CLUB SINGAPORE 769162"
"281",290,1.416079404249,103.835019190337,760845,28189.2538115261,44208.3820945732,"845 YISHUN STREET 81 DBS YISHUN STREET 81 SINGAPORE 760845"
"282",291,1.41758906054002,103.833061043125,769092,27971.3400075771,44375.3122040685,"201 YISHUN AVENUE 2 DBS KHATIB MRT STATION SINGAPORE 769092"
"283",292,1.42213865295029,103.832882657874,760780,27951.4883872401,44878.3831948601,"780 YISHUN RING ROAD KHATIB VALE SINGAPORE 760780"
"284",293,1.4248993192219,103.847249789758,760418,29550.3390248194,45183.6484323982,"418 YISHUN AVENUE 11 SINGAPORE 760418"
"285",294,1.42452849112151,103.84659554729,760414,29477.5316903545,45142.6436986942,"414 YISHUN RING ROAD DBS NTUC YISHUN RING ROAD 1 SINGAPORE 760414"
"286",295,1.44954310814644,103.818726323556,750355,26376.1139610475,47908.6353251394,"355 SEMBAWANG WAY HDB SEMBAWANG BRANCH SINGAPORE 750355"
"287",296,1.44819535371132,103.819502127155,757713,26462.4476639526,47759.6068513971,"30 SEMBAWANG DRIVE SUN PLAZA SINGAPORE 757713"
"288",299,1.37423951664303,103.839489194974,560161,28686.7136024246,39581.9400943592,"161 ANG MO KIO AVENUE 4 CM CENTRAL PTE LTD SINGAPORE 560161"
"289",300,1.37307949430462,103.829630839555,577729,27589.5998337185,39453.6701605506,"16 JALAN KURAS SEMBAWANG HILLS ESTATE SINGAPORE 577729"
"290",301,1.31567196429635,103.899183182411,420002,35330.0956897419,33105.9353865329,"2 JOO CHIAT ROAD DBS NTUC JOO CHIAT COMPLEX SINGAPORE 420002"
"291",302,1.323653452481,103.910853623161,410110,36628.8765286524,33988.5254865382,"110 LENGKONG TIGA SINGAPORE 410110"
"292",303,1.32329022760147,103.924151826832,461025,38108.8364936095,33948.4121146854,"25A CHAI CHEE ROAD DBS CHAI CHEE ROAD SINGAPORE 461025"
"293",304,1.32476040143251,103.924370232312,460029,38133.1369021935,34110.9774901252,"29 CHAI CHEE AVENUE ANSAR GARDEN SINGAPORE 460029"
"294",305,1.31672515005311,103.897977411392,402001,35195.9019180359,33222.3878217265,"1 GEYLANG SERAI GEYLANG SERAI MARKET SINGAPORE 402001"
"295",306,1.32062504871279,103.934734222428,460018,39286.5650113048,33653.7554724924,"18 BEDOK SOUTH ROAD SINGAPORE 460018"
"296",307,1.32425201243512,103.941571885143,461057,40047.5131092351,34054.839309385,"57 NEW UPPER CHANGI ROAD DBS NEW UPPER CHANGI ROAD SINGAPORE 461057"
"297",308,1.31179544227276,103.936894506125,469979,39527.0241650688,32677.4312686361,"54 BAYSHORE ROAD BAYSHORE PARK SINGAPORE 469979"
"298",309,1.32475054237912,103.92918919889,467360,38669.4401414199,34109.9075471684,"311 NEW UPPER CHANGI ROAD DBS BEDOK MALL 1 SINGAPORE 467360"
"299",310,1.32464544711794,103.931111525301,460209,38883.3764901645,34098.2949930709,"209 NEW UPPER CHANGI ROAD BETHESDA COMMUNITY SINGAPORE 460209"
"300",311,1.32588491763491,103.931653673284,460212,38943.7067563813,34235.3518738933,"212 BEDOK NORTH STREET 1 DBS NTUC BEDOK NORTH STREET 1 SINGAPORE 460212"
"301",312,1.32154249881548,103.955535617961,486442,41601.55426702,33755.3067371584,"20 EASTWOOD ROAD EASTWOOD CENTRE SINGAPORE 486442"
"302",313,1.33482267667937,103.963905761359,486018,42532.9928973708,35223.8119350169,"8 CHANGI BUSINESS PARK AVENUE 1 ESR BIZPARK @ CHANGI SINGAPORE 486018"
"303",314,1.33408363820793,103.962946043413,486038,42426.1904099416,35142.0869866535,"5 CHANGI BUSINESS PARK CENTRAL 1 DBS CHANGI CITY POINT SINGAPORE 486038"
"304",315,1.35546339989427,103.989276821188,819643,45356.3881484205,37506.3305453043,"60 AIRPORT BOULEVARD HSBC CHANGI AIRPORT T2 ARRIVAL HALL SOUTH EXIT DOOR 4 SINGAPORE 819643"
"305",316,1.35437074082484,103.985169645053,819663,44899.3123856857,37385.4804142211,"65 AIRPORT BOULEVARD DBS CHANGI AIRPORT TERMINAL 3 ARRIVAL MEETING HALL SINGAPORE 819663"
"306",317,1.32736602101872,104.004244172964,498820,47022.3067961968,34399.5646146145,"317 TANAH MERAH COAST ROAD CHANGI AIR BASE (EAST) SINGAPORE 498820"
"307",318,1.33143368792839,103.93686541135,460115,39523.6956857033,34848.931091629,"115 BEDOK NORTH ROAD PCF SPARKLETOTS PRESCHOOL @ FENGSHAN 115 (CC) SINGAPORE 460115"
"308",319,1.3317758150305,103.946201241591,487048,40562.6769767581,34886.8074173424,"430 UPPER CHANGI ROAD EAST VILLAGE SINGAPORE 487048"
"309",320,1.33143623119911,103.948260304303,469560,40791.8314926242,34849.268488843,"348 BEDOK ROAD DBS SHOP N SAVE BEDOK MARKET PLACE SINGAPORE 469560"
"310",321,1.33292174803785,103.938240229048,460089,39676.6918986272,35013.4798977748,"89 BEDOK NORTH STREET 4 DBS NTUC BEDOK NORTH STREET 4 SINGAPORE 460089"
"311",322,1.34269199750599,103.953050756306,528833,41324.8995989468,36093.9015998915,"3 SIMEI STREET 6 DBS EASTPOINT BR 1 SINGAPORE 528833"
"312",323,1.31886940788468,103.894731348343,408600,34834.640547405,33459.4798439108,"10 EUNOS ROAD 8 HEART OF GOD CHURCH SINGAPORE 408600"
"313",324,1.31881486980278,103.892580778242,409051,34595.3031856529,33453.443499919,"60 PAYA LEBAR ROAD DBS PAYA LEBAR SQUARE SINGAPORE 409051"
"314",325,1.32118979057455,103.903266270232,400005,35784.4871060736,33716.0810950007,"5 EUNOS CRESCENT OCBC EUNOS CRESCENT - FAIRPRICE SINGAPORE 400005"
"315",326,1.31461849889242,103.894738004496,437157,34835.3928884082,32989.4359148927,"11 TANJONG KATONG ROAD UOB ONE KM SINGAPORE 437157"
"316",327,1.31461849889242,103.894738004496,437157,34835.3928884082,32989.4359148927,"11 TANJONG KATONG ROAD UOB ONE KM SINGAPORE 437157"
"317",328,1.31415001272084,103.888544866086,389551,34146.1569082197,32937.6170056965,"612A GEYLANG ROAD SINGAPORE 389551"
"318",329,1.31639445681762,103.894359081999,400845,34793.2176312367,33185.8112940397,"845 GEYLANG ROAD TANJONG KATONG COMPLEX SINGAPORE 400845"
"319",330,1.313289737192,103.885153835516,389456,33768.7695428319,32842.4840367083,"498 GEYLANG ROAD GREEN COURT SINGAPORE 389456"
"320",331,1.31420608208823,103.886699480848,389538,33940.783008853,32943.8124079425,"599A GEYLANG ROAD GEYLANG CONSERVATION AREA SINGAPORE 389538"
"321",332,1.30307157630397,103.873044700613,397628,32421.1559734633,31712.5874385908,"1 STADIUM PLACE OCBC KALLANG WAVE - FAIRPRICE SINGAPORE 397628"
"322",333,1.30230108377856,103.876473975339,397693,32802.8045866704,31627.3965942152,"5 STADIUM WALK OCBC STADIUM STATION SINGAPORE 397693"
"323",334,1.3317705447992,103.879294500005,368125,33116.6434122045,34885.9847940803,"401 MACPHERSON ROAD DBS NTUC MACPHERSON MALL SINGAPORE 368125"
"324",335,1.33429242274696,103.878791059137,360001,33060.6105035115,35164.8401867133,"1 UPPER ALJUNIED LANE DBS UPPER ALJUNIED ROAD SINGAPORE 360001"
"325",336,1.33889387687709,103.886114854069,534846,33875.661411617,35673.6619128045,"141A UPPER PAYA LEBAR ROAD SINGAPORE 534846"
"326",337,1.33748492906751,103.887004163685,534821,33974.6355088102,35517.8697554208,"91 UPPER PAYA LEBAR ROAD SINGAPORE 534821"
"327",338,1.33312324236673,103.878841894011,367872,33066.2702835184,35035.5582731366,"387 UPPER ALJUNIED ROAD SINGAPORE 367872"
"328",339,1.32987219692115,103.901929745036,400306,35635.7183921672,34676.1335940268,"306 UBI AVENUE 1 SPRING BRAINY KIDZ GROUP PTE. LTD. SINGAPORE 400306"
"329",341,1.3532321297355,103.8714723783,550266,32246.0851989426,37259.0827670805,"266 SERANGOON CENTRAL DRIVE SINGAPORE 550266"
"330",342,1.35403939780038,103.870851534185,550253,32176.9908985756,37348.3452908937,"253 SERANGOON CENTRAL DRIVE SINGAPORE 550253"
"331",343,1.35067551435975,103.871861623874,556083,32289.4083088608,36976.3859132938,"23 SERANGOON AVENUE 2 CS MONTESSORI KINDERGARTEN @ SERANGOON SINGAPORE 556083"
"332",344,1.35067551435975,103.871861623874,556083,32289.4083088608,36976.3859132938,"23 SERANGOON AVENUE 2 CS MONTESSORI KINDERGARTEN @ SERANGOON SINGAPORE 556083"
"333",345,1.30780796198663,103.884767622977,390041,33725.8002051078,32236.3363959435,"41 JALAN TIGA OCBC JALAN TIGA - FAIRPRICE SINGAPORE 390041"
"334",346,1.30373387351392,103.896498328888,437112,35031.3305017073,31785.8741876502,"342A TANJONG KATONG ROAD SINGAPORE 437112"
"335",347,1.30608655778768,103.896150403005,437096,34992.6030100249,32046.0210908875,"313C TANJONG KATONG ROAD SINGAPORE 437096"
"336",349,1.32176643595484,103.886672786551,380114,33937.7942876052,33779.7978037708,"114 ALJUNIED AVENUE 2 BETHEL STUDENT CARE CENTRE SINGAPORE 380114"
"337",350,1.32000040187831,103.887363064677,380118,34014.6196666406,33584.5203957334,"118 ALJUNIED AVENUE 2 SINGAPORE 380118"
"338",351,1.32918105126141,103.888248441219,372018,34113.1309058266,34599.6721269581,"18B CIRCUIT ROAD MACPHERSON RESIDENCY SINGAPORE 372018"
"339",352,1.32863373096632,103.885372610601,370077,33793.0816045897,34539.1453004554,"77 CIRCUIT ROAD DBS NTUC CIRCUIT ROAD SINGAPORE 370077"
"340",353,1.31275329709404,103.923657863473,458278,38053.9054908641,32783.2890014891,"2 FIRST STREET UOB SIGLAP V SINGAPORE 458278"
"341",354,1.31230752184183,103.925234530164,459125,38229.3755000895,32734.0037949421,"934 EAST COAST ROAD DBS NTUC EAST COAST ROAD SINGAPORE 459125"
"342",355,1.30706075671037,103.9237697621,448912,38066.3814694639,32153.8368293401,"15 SIGLAP ROAD MANDARIN GARDENS SINGAPORE 448912"
"343",356,1.31584337247809,103.926159545353,458322,38332.3065005252,33124.984299941,"1K FIGARO STREET OPERA ESTATE SINGAPORE 458322"
"344",357,1.30385030375719,103.902850370889,428751,35738.2548797037,31798.767077459,"30 EAST COAST ROAD KATONG V SINGAPORE 428751"
"345",358,1.30091736056425,103.90533928065,449269,36015.2572663743,31474.4648520965,"80 MARINE PARADE ROAD CATHAY CINEPLEX PARKWAY PARADE SINGAPORE 449269"
"346",359,1.30091736056425,103.90533928065,449269,36015.2572663743,31474.4648520965,"80 MARINE PARADE ROAD CATHAY CINEPLEX PARKWAY PARADE SINGAPORE 449269"
"347",360,1.30522461599039,103.905101873935,428802,35988.8224503826,31950.7385980617,"112 EAST COAST ROAD GOLDEN VILLAGE (GV KATONG) SINGAPORE 428802"
"348",361,1.3014195508688,103.90711266067,449411,36212.6170208883,31530.0002156738,"6 MARINE PARADE CENTRAL DBS NTUC MARINE PARADE CENTRAL SINGAPORE 449411"
"349",362,1.30522461599039,103.905101873935,428802,35988.8224503826,31950.7385980617,"112 EAST COAST ROAD GOLDEN VILLAGE (GV KATONG) SINGAPORE 428802"
"350",363,1.30091736056425,103.90533928065,449269,36015.2572663743,31474.4648520965,"80 MARINE PARADE ROAD CATHAY CINEPLEX PARKWAY PARADE SINGAPORE 449269"
"351",364,1.30091736056425,103.90533928065,449269,36015.2572663743,31474.4648520965,"80 MARINE PARADE ROAD CATHAY CINEPLEX PARKWAY PARADE SINGAPORE 449269"
"352",365,1.30091736056425,103.90533928065,449269,36015.2572663743,31474.4648520965,"80 MARINE PARADE ROAD CATHAY CINEPLEX PARKWAY PARADE SINGAPORE 449269"
"353",367,1.30560569433107,103.91537607851,440056,37132.2465671236,31992.9112824537,"56 MARINE TERRACE MARINE TERRACE HAVEN SINGAPORE 440056"
"354",368,1.30836164661181,103.907988808727,428932,36310.101691138,32297.6249465253,"255 EAST COAST ROAD CITIBANK ESSO EAST COAST SINGAPORE 428932"
"355",369,1.32087635946694,103.727545977964,619392,16228.5490118396,33681.5645154808,"1 JALAN PAPAN SINGAPORE 619392"
"356",370,1.27269381942258,103.637262607502,636906,6180.4541915413,28354.3663891349,"6 TUAS SOUTH STREET 15 DBS CDPL DORMITORY (TUAS) SINGAPORE 636906"
"357",371,1.26434458658544,103.822476140505,98585,26793.3171034725,27430.3247091807,"1 HARBOURFRONT WALK DBS VIVOCITY SINGAPORE 098585"
"358",372,1.2471504050601,103.839555011268,98537,28694.0730507895,25529.0796615146,"1 COVE AVENUE SINGAPORE 098537"
"359",373,1.24775861852845,103.841921096857,98375,28957.4022995671,25596.3334868643,"31 OCEAN WAY QUAYSIDE ISLE PREPARATORY SCHOOL SINGAPORE 098375"
"360",374,1.2734502483595,103.801682844021,119963,24479.1898496654,28437.2007196378,"460 ALEXANDRA ROAD DBS ALEXANDRA BRANCH SINGAPORE 119963"
"361",375,1.29943736719293,103.787576666868,138632,22909.3337914599,31310.7465994265,"1 FUSIONOPOLIS WAY CONNEXIS SINGAPORE 138632"
"362",376,1.28096680702384,103.810298189643,100108,25438.0180087499,29268.3327956181,"108 DEPOT ROAD DBS NTUC DEPOT ROAD SINGAPORE 100108"
"363",377,1.27338251992557,103.808934807512,101078,25286.2767064311,28429.7028860524,"78A TELOK BLANGAH STREET 32 PCF SPARKLETOTS PRESCHOOL @ TELOK BLANGAH BLK 78A (KN) SINGAPORE 101078"
"364",378,1.26393160324447,103.820112171695,99253,26530.2247016672,27384.6603707224,"1 MARITIME SQUARE HARBOURFRONT CENTRE POST OFFICE SINGAPORE 099253"
"365",379,1.29351287719231,103.784685581372,119082,22587.5691430494,30655.652814066,"1 LOWER KENT RIDGE ROAD NUH MEDICAL CENTRE SINGAPORE 119082"
"366",380,1.30695082420353,103.788287276561,138617,22988.4331738446,32141.544819545,"1 VISTA EXCHANGE GREEN NEW CREATION CHURCH SINGAPORE 138617"
"367",381,1.30695082420353,103.788287276561,138617,22988.4331738446,32141.544819545,"1 VISTA EXCHANGE GREEN NEW CREATION CHURCH SINGAPORE 138617"
"368",382,1.31285148143647,103.765972696128,120451,20505.0436623953,32794.0651603919,"451 CLEMENTI AVENUE 3 YAMAHA MUSIC ACADEMY SINGAPORE 120451"
"369",383,1.3154959389283,103.764583794683,129588,20350.4801127398,33086.4800951742,"3155 COMMONWEALTH AVENUE WEST DBS CLEMENTI MALL SINGAPORE 129588"
"370",384,1.31427860227337,103.771350557894,120352,21103.5526931826,32951.8534610327,"352 CLEMENTI AVENUE 2 CLEMENTI AVENUE 2 SHOPPING CENTRE SINGAPORE 120352"
"371",385,1.3047635676742,103.781697199348,130028,22255.0134741561,31899.7032664269,"28 DOVER CRESCENT DOVER GARDENS SINGAPORE 130028"
"372",386,1.31770281154049,103.769076731999,120345,20850.5072945533,33330.4915600438,"345 CLEMENTI AVENUE 5 SINGAPORE 120345"
"373",387,1.30973331229192,103.76863729776,121420,20801.5797042334,32449.2660012804,"420A CLEMENTI AVENUE 1 DBS CLEMENTI AVENUE 1/420A SINGAPORE 121420"
"374",388,1.31427860227337,103.771350557894,120352,21103.5526931826,32951.8534610327,"352 CLEMENTI AVENUE 2 CLEMENTI AVENUE 2 SHOPPING CENTRE SINGAPORE 120352"
"375",389,1.33212291013902,103.699070261789,628088,13059.5439040028,34925.306870034,"51 SOON LEE ROAD DBS MIGRANT WORKERS' CENTRE RECREATION CLUB SINGAPORE 628088"
"376",390,1.3192381141191,103.732882477141,608538,16822.4422356458,33500.3908376712,"27 PENJURU WALK PENJURU RECREATION CENTRE SINGAPORE 608538"
"377",391,1.32207201524401,103.727545771811,619396,16228.5316985529,33813.774220854,"5 JALAN PAPAN DBS WESTLITE DORMITORY (JALAN PAPAN) SINGAPORE 619396"
"378",392,1.32087635946694,103.727545977964,619392,16228.5490118396,33681.5645154808,"1 JALAN PAPAN SINGAPORE 619392"
"379",393,1.31800980644852,103.73194890136,608537,16718.5387248928,33364.5748836454,"23 PENJURU WALK CASSIA AT PENJURU SINGAPORE 608537"
"380",395,1.32124572258872,103.729969760603,619415,16498.2941953931,33722.3955109585,"2D JALAN PAPAN DBS AVERY LODGE SINGAPORE 619415"
"381",396,1.3192381141191,103.732882477141,608538,16822.4422356458,33500.3908376712,"27 PENJURU WALK PENJURU RECREATION CENTRE SINGAPORE 608538"
"382",397,1.3192381141191,103.732882477141,608538,16822.4422356458,33500.3908376712,"27 PENJURU WALK PENJURU RECREATION CENTRE SINGAPORE 608538"
"383",398,1.3192381141191,103.732882477141,608538,16822.4422356458,33500.3908376712,"27 PENJURU WALK PENJURU RECREATION CENTRE SINGAPORE 608538"
"384",399,1.33314578370484,103.695248109449,627851,12634.1832070183,35038.4348212369,"17 KIAN TECK LANE BLUE STARS DORMITORY SINGAPORE 627851"
"385",400,1.3192381141191,103.732882477141,608538,16822.4422356458,33500.3908376712,"27 PENJURU WALK PENJURU RECREATION CENTRE SINGAPORE 608538"
"386",401,1.32087635946694,103.727545977964,619392,16228.5490118396,33681.5645154808,"1 JALAN PAPAN SINGAPORE 619392"
"387",402,1.32087635946694,103.727545977964,619392,16228.5490118396,33681.5645154808,"1 JALAN PAPAN SINGAPORE 619392"
"388",403,1.31621113527515,103.732527239032,608557,16782.8941183882,33165.6841442473,"30 PENJURU PLACE JURONG PENJURU DORMITORY 2 SINGAPORE 608557"
"389",405,1.31395329677924,103.625815709037,637285,4906.86854334828,32916.7563113179,"70 TUAS SOUTH AVENUE 1 DBS TUAS VIEW DORMITORY SINGAPORE 637285"
"390",406,1.27164225840049,103.63351227878,636947,5763.0603002822,28238.1215317734,"3 TUAS SOUTH STREET 12 TUAS SOUTH DORMITORY SINGAPORE 636947"
"391",407,1.31395329677924,103.625815709037,637285,4906.86854334828,32916.7563113179,"70 TUAS SOUTH AVENUE 1 DBS TUAS VIEW DORMITORY SINGAPORE 637285"
"392",408,1.31100240690691,103.631572303038,638121,5547.50007421151,32590.4075767733,"11 TECH PARK CRESCENT TUAS TECHPARK SINGAPORE 638121"
"393",409,1.31146788847722,103.630340020449,638127,5410.3619843889,32641.8895427752,"5 TECH PARK CRESCENT TUAS TECHPARK SINGAPORE 638127"
"394",410,1.30808995572941,103.63154765251,637895,5544.73076557741,32268.3619204033,"2 TUAS SOUTH STREET 2 SPRINTECS INDUSTRIAL BUILDING SINGAPORE 637895"
"395",411,1.3106942813709,103.630190012756,638118,5393.66050445754,32556.3488610443,"14 TECH PARK CRESCENT TUAS TECHPARK SINGAPORE 638118"
"396",412,1.30091123508276,103.627789990003,637734,5126.4704835536,31474.6047507171,"115 TUAS VIEW WALK 1 WESTLINK TECHPARK SINGAPORE 637734"
"397",413,1.27030977810151,103.634163905611,636937,5835.57040314749,28090.7762606069,"12 TUAS SOUTH STREET 13 TUAS SOUTH RECREATION CENTRE SINGAPORE 636937"
"398",414,1.29891712474996,103.627532390173,637640,5097.78379010968,31254.1072111428,"21 TUAS VIEW SQUARE SINGAPORE 637640"
"399",415,1.30071425045564,103.628315270968,637738,5184.92813015357,31452.8183100577,"123 TUAS VIEW WALK 1 WESTLINK TECHPARK SINGAPORE 637738"
"400",416,1.29865806391236,103.62808808355,637778,5159.62557889707,31225.4563852604,"32 TUAS VIEW SQUARE SINGAPORE 637778"
"401",417,1.34180915377904,103.691512648994,640962,12218.5195547817,35996.4125105161,"962 JURONG WEST STREET 91 SINGAPORE 640962"
"402",418,1.34878489718303,103.703415655017,649486,13543.24002547,36767.682989737,"7 JURONG WEST AVENUE 5 SINGAPORE 649486"
"403",419,1.34169239214292,103.697174842118,640638,12848.6614737436,35983.4657739643,"638 JURONG WEST STREET 61 PIONEER MALL SINGAPORE 640638"
"404",420,1.34382260860561,103.682773793248,639798,11245.9900783114,36219.1089283042,"50 NANYANG AVENUE CORNELL-NANYANG INSTITUTE OF HOSPITALITY MANAGEMENT (BLK S3) (NTU) SINGAPORE 639798"
"405",421,1.32460664929081,103.678096359775,629117,10725.3069044938,34094.3313097991,"1 JOO KOON CIRCLE DBS NTUC BENOI WAREHOUSE CLUB SINGAPORE 629117"
"406",422,1.3394520043632,103.706685012926,648886,13907.0305282837,35735.67771223,"1 JURONG WEST CENTRAL 2 GOLDEN VILLAGE (GV JURONG POINT) SINGAPORE 648886"
"407",423,1.33484487471259,103.720462024278,610399,15440.244104865,35226.1689937133,"399 YUNG SHENG ROAD DBS NTUC TAMAN JURONG SHOPPING CENTRE SINGAPORE 610399"
"408",424,1.32554465969069,103.725574633362,618642,16009.1798929656,34197.771538794,"3 YUAN CHING ROAD SINGAPORE 618642"
"409",425,1.33221398206902,103.722691571538,610063,15688.3566696523,34935.2465429399,"63 YUNG KUANG ROAD SINGAPORE 610063"
"410",426,1.33931504032005,103.705350996191,648331,13758.5676118182,35720.5406027697,"63 JURONG WEST CENTRAL 3 BOON LAY BUS INTERCHANGE SINGAPORE 648331"
"411",427,1.32882041921836,103.677161735755,638368,10621.3216701848,34560.276651144,"555 UPPER JURONG ROAD DBS JURONG APARTMENTS SINGAPORE 638368"
"412",428,1.34551210586754,103.731219146294,600345,16637.4499490103,36405.6463955082,"345 JURONG EAST STREET 31 YUHUA PLACE SINGAPORE 600345"
"413",429,1.35239358298744,103.71575950591,640544,14916.9955680873,37166.6440421268,"544 JURONG WEST STREET 42 SINGAPORE 640544"
"414",430,1.34833335760515,103.724307319237,640498,15868.2522515813,36717.6398426108,"498 JURONG WEST STREET 41 SINGAPORE 640498"
"415",431,1.34639604683977,103.712387709421,640221,14541.7189708119,36503.4840812515,"221 BOON LAY PLACE RAINBOW CHILDCARE PTE LTD SINGAPORE 640221"
"416",432,1.35151847519437,103.719496480131,640442,15332.8748494405,37069.8590768576,"442 JURONG WEST AVENUE 1 SINGAPORE 640442"
"417",433,1.34994543559348,103.725180466645,640492,15965.4319416275,36895.8911768589,"492 JURONG WEST STREET 41 SINGAPORE 640492"
"418",434,1.33382294191646,103.739755036969,600135,17587.3527455926,35113.0786353461,"135 JURONG GATEWAY ROAD DBS NTUC JURONG EAST STREET 13 SINGAPORE 600135"
"419",435,1.33415752008876,103.742766489597,608532,17922.4976891531,35150.0620858073,"3 GATEWAY DRIVE OCBC WESTGATE SINGAPORE 608532"
"420",436,1.33186505450509,103.744881694882,608521,18157.8890441358,34896.5641202852,"1 VENTURE AVENUE PERENNIAL BUSINESS CITY SINGAPORE 608521"
"421",437,1.3325523295069,103.743262234833,608549,17977.6625120724,34972.5660890918,"50 JURONG GATEWAY ROAD DBS NTUC JEM SINGAPORE 608549"
"422",438,1.33658465311802,103.737623303842,600104,17350.1247293577,35418.4640670475,"104 JURONG EAST STREET 13 JURONG EAST VILLE SINGAPORE 600104"
"423",439,1.33875930729064,103.778600077834,588996,21910.4149615103,35658.7866516709,"1 JALAN ANAK BUKIT BUKIT TIMAH PLAZA SINGAPORE 588996"
"424",440,1.33491758755437,103.746877132868,609601,18379.9726865934,35234.0900947843,"2 JURONG EAST STREET 21 DBS IMM EBC SINGAPORE 609601"
"425",441,1.34670228583941,103.757242525171,650284,19533.5734745516,36537.1447729953,"284 BUKIT BATOK EAST AVENUE 3 PRO-TEACH EDUCATION (BUKIT BATOK EAST) SINGAPORE 650284"
"426",442,1.34241264188642,103.776539385406,588177,21681.0911870794,36062.7591135893,"144 UPPER BUKIT TIMAH ROAD DBS BEAUTY WORLD CENTRE SINGAPORE 588177"
"427",443,1.33649931598315,103.751872040825,608596,18935.8597955732,35408.9707258306,"28 TOH GUAN ROAD EAST WESTLITE TOH GUAN DORMITORY SINGAPORE 608596"
"428",444,1.33833282914969,103.753535227945,608568,19120.9616825767,35611.7053478211,"19 TOH GUAN ROAD EAST TOH GUAN DORMITORY SINGAPORE 608568"
"429",445,1.34762239826035,103.757150072517,650280,19523.2876872532,36638.8865140844,"280 BUKIT BATOK EAST AVENUE 3 DBS NTUC BUKIT BATOK EAST AVENUE 3 SINGAPORE 650280"
"430",446,1.33683097553159,103.754341430783,608586,19210.6781958779,35445.635000404,"48 TOH GUAN ROAD EAST UOB ENTERPRISE HUB SINGAPORE 608586"
"431",448,1.34201963211059,103.775064204593,599601,21516.9184606317,36019.3059421442,"14 CHUN TIN ROAD SINGAPORE 599601"
"432",449,1.34857537953675,103.742708636413,650159,17916.1182575645,36744.3174683675,"159 BUKIT BATOK STREET 11 SINGAPORE 650159"
"433",450,1.34976579038656,103.749206181636,658713,18639.2280766387,36875.9212087058,"1 BUKIT BATOK CENTRAL LINK BUKIT BATOK PUBLIC LIBRARY SINGAPORE 658713"
"434",451,1.34903331201636,103.749566478309,659958,18679.3223191258,36794.9260214306,"10 BUKIT BATOK CENTRAL BUKIT BATOK MRT STATION (NS2) SINGAPORE 659958"
"435",453,1.38001805825626,103.753148377762,680140,19078.0623546988,40221.0513552036,"140 TECK WHYE LANE SINGAPORE 680140"
"436",454,1.35831705249927,103.749579868748,650376,18680.8479768448,37821.4757067487,"376 BUKIT BATOK STREET 31 SINGAPORE 650376"
"437",455,1.38079049641025,103.75195441174,680142,18945.191747901,40306.4682408813,"142 TECK WHYE LANE SINGAPORE 680142"
"438",456,1.35894637289694,103.750365800657,650373,18768.3155789552,37891.0598036274,"373 BUKIT BATOK STREET 31 LITTLE GREENHOUSE @ BUKIT BATOK PTE LTD SINGAPORE 650373"
"439",457,1.37829768797221,103.754071398872,680018,19180.7767574433,40030.8179250453,"18 TECK WHYE LANE TECK WHYE HEIGHTS III SINGAPORE 680018"
"440",458,1.36616711565267,103.746951747398,659003,18388.3992932597,38689.5069671217,"2 BUKIT BATOK WEST AVENUE 7 HOMETEAMNS ADVENTURE CENTRE BUKIT BATOK SINGAPORE 659003"
"441",459,1.36267450828024,103.76417292006,667979,20304.9008575827,38303.2499323208,"4 HILLVIEW RISE HILLV2 SINGAPORE 667979"
"442",460,1.34716236191294,103.742807879476,650166,17927.1571122985,36588.0725927521,"166 BUKIT BATOK WEST AVENUE 8 DBS NTUC BUKIT BATOK EAST AVENUE 8 SINGAPORE 650166"
"443",461,1.34737180152613,103.743698106143,651154,18026.2304582093,36611.227721367,"154A BUKIT BATOK WEST AVENUE 8 SINGAPORE 651154"
"444",462,1.36393821475024,103.751896006121,651395,18938.6284988476,38443.0269968398,"395A BUKIT BATOK WEST AVENUE 5 PCF SPARKLETOTS PRESCHOOL @ BUKIT GOMBAK 395A (CC) SINGAPORE 651395"
"445",463,1.38506836476439,103.744950378814,689812,18165.7480050363,40779.5215944499,"21 CHOA CHU KANG AVENUE 4 DBS NTUC LOT 1 SHOPPERS' MALL SINGAPORE 689812"
"446",464,1.37376504895355,103.721781664161,698928,15587.304463502,39529.7647191193,"501 OLD CHOA CHU KANG ROAD HOME TEAM ACADEMY SINGAPORE 698928"
"447",465,1.37736607441394,103.744393648768,680253,18103.7591441153,39927.8427333515,"253 CHOA CHU KANG AVENUE 1 KEAT HONG SHOPPING CENTRE SINGAPORE 680253"
"448",466,1.37805614752086,103.738931794069,680475,17495.9250015644,40004.170991024,"475 CHOA CHU KANG AVENUE 3 KINDERLAND KINDERGARTEN (CHOA CHU KANG) SINGAPORE 680475"
"449",469,1.38062798768557,103.741520103731,680410,17783.9828903591,40288.5411194861,"410 CHOA CHU KANG AVENUE 3 KEAT HONG LAUREL SINGAPORE 680410"
"450",471,1.41927816224448,103.718425682733,718813,15214.0702286959,44562.4021527786,"10 NEO TIEW LANE 2 KRANJI SANCTUARY RESORT SINGAPORE 718813"
"451",472,1.30246408847832,103.763750972451,120720,20257.7549921256,31645.4866179004,"720 CLEMENTI WEST STREET 2 SINGAPORE 120720"
"452",473,1.31190695723944,103.759128018939,120502,19743.2926759291,32689.6460042689,"502 WEST COAST DRIVE AYER RAJAH MARKET SINGAPORE 120502"
"453",474,1.30358622534992,103.76610375397,127371,20519.60171506,31769.559714159,"154 WEST COAST ROAD DBS WEST COAST PLAZA SINGAPORE 127371"
"454",475,1.3223749703177,103.738412755847,600061,17437.9221011512,33847.2246106472,"61 TEBAN GARDENS ROAD DBS TEBAN GARDENS SINGAPORE 600061"
"455",476,1.32052026841644,103.742651512921,600037,17909.6466902336,33642.1233047415,"37 TEBAN GARDENS ROAD UOB TEBAN GARDENS SINGAPORE 600037"
"456",477,1.30358622534992,103.76610375397,127371,20519.60171506,31769.559714159,"154 WEST COAST ROAD DBS WEST COAST PLAZA SINGAPORE 127371"
"457",478,1.30176130472397,103.769369391763,129787,20883.0325131556,31567.7597977724,"101 CLEMENTI ROAD DBS NUS KENT VALE SINGAPORE 129787"
